# time_h,conc_mg/L
0.000000000000000000e+00,0.000000000000000000e+00
1.000000000000000056e-01,1.049533383747966120e+01
2.000000000000000111e-01,1.654112366311855808e+01
3.000000000000000444e-01,2.187039556749168057e+01
4.000000000000000222e-01,2.658643708827595376e+01
5.000000000000000000e-01,3.076786326428087648e+01
6.000000000000000888e-01,2.385680659447274365e+01
7.000000000000000666e-01,2.095152240911211194e+01
8.000000000000000444e-01,1.840602939848009001e+01
9.000000000000000222e-01,1.617027084898113287e+01
1.000000000000000000e+00,1.420817882502051077e+01
1.100000000000000089e+00,1.248798228419924605e+01
1.200000000000000178e+00,1.098139914895426195e+01
1.300000000000000044e+00,9.663244921929917908e+00
1.400000000000000133e+00,8.511075792834018827e+00
1.500000000000000000e+00,7.504910800805761006e+00
1.600000000000000089e+00,6.626991618898379066e+00
1.700000000000000178e+00,5.861557614263026572e+00
1.800000000000000044e+00,5.194635333919384479e+00
1.900000000000000133e+00,4.613870249211266206e+00
2.000000000000000000e+00,4.108363368612876876e+00
2.100000000000000089e+00,3.668511260281827280e+00
2.200000000000000178e+00,3.285870473133752689e+00
2.300000000000000266e+00,2.953031068016460647e+00
2.400000000000000355e+00,2.663503074709944407e+00
2.500000000000000000e+00,2.411610152385723183e+00
2.600000000000000089e+00,2.192395651422466063e+00
2.700000000000000178e+00,2.001534114655838525e+00
2.800000000000000266e+00,1.835259648102875785e+00
2.900000000000000355e+00,1.690297391645488423e+00
3.000000000000000000e+00,1.563799708148131629e+00
3.100000000000000089e+00,1.453294752711174587e+00
3.200000000000000178e+00,1.356636490555983565e+00
3.300000000000000266e+00,1.271966453887189097e+00
3.400000000000000355e+00,1.197671851503412821e+00
3.500000000000000000e+00,1.132357681069194877e+00
3.600000000000000089e+00,1.074815995389911683e+00
3.700000000000000178e+00,1.024001333034297856e+00
3.800000000000000266e+00,9.790093980543751462e-01
3.900000000000000355e+00,9.390586406468484082e-01
4.000000000000000000e+00,9.034733922756371660e-01
4.100000000000000533e+00,8.716694518884359200e-01
4.200000000000000178e+00,8.431425606088429614e-01
4.299999999999999822e+00,8.174563680467317184e-01
4.400000000000000355e+00,7.942342528954378089e-01
4.500000000000000000e+00,7.731509070181196153e-01
4.600000000000000533e+00,7.539253150924162261e-01
4.700000000000000178e+00,7.363148798500854797e-01
4.800000000000000711e+00,7.201099271807462898e-01
4.900000000000000355e+00,7.051295747722312601e-01
5.000000000000000000e+00,6.912173348063700429e-01
5.100000000000000533e+00,6.782382029708705629e-01
5.200000000000000178e+00,6.660756129619713750e-01
5.300000000000000711e+00,6.546288111335796245e-01
5.400000000000000355e+00,6.438107207097609752e-01
5.500000000000000000e+00,6.335461958963015672e-01
5.600000000000000533e+00,6.237701647545920158e-01
5.700000000000000178e+00,6.144261021269317169e-01
5.800000000000000711e+00,6.054655028720515864e-01
5.900000000000000355e+00,5.968461841842953586e-01
6.000000000000000000e+00,5.885319484944029345e-01
6.100000000000000533e+00,5.804912998183743289e-01
6.200000000000000178e+00,5.726966773419955858e-01
6.300000000000000711e+00,5.651245340920594273e-01
6.400000000000000355e+00,5.577544104720839613e-01
6.500000000000000000e+00,5.505683239967338327e-01
6.600000000000000533e+00,5.435508362161125540e-01
6.700000000000000178e+00,5.366884673688504526e-01
6.800000000000000711e+00,5.299694618515596867e-01
6.900000000000000355e+00,5.233835522287082487e-01
7.000000000000000000e+00,5.169217996044578323e-01
7.100000000000000533e+00,5.105764014067141199e-01
7.200000000000000178e+00,5.043405077548693827e-01
7.300000000000000711e+00,4.982080921148131503e-01
7.400000000000000355e+00,4.921738560933463513e-01
7.500000000000000000e+00,4.862331659217249413e-01
7.600000000000000533e+00,4.803818560070877708e-01
7.700000000000000178e+00,4.746162556508616293e-01
7.800000000000000711e+00,4.689330507921499747e-01
7.900000000000000355e+00,4.633292591460144716e-01
8.000000000000000000e+00,4.578023327114847385e-01
8.099999999999999645e+00,4.523498695128848612e-01
8.200000000000001066e+00,4.469697186473382544e-01
8.300000000000000711e+00,4.416601122023970927e-01
8.400000000000000355e+00,4.364192423777997210e-01
8.500000000000000000e+00,4.312453597994562182e-01
8.599999999999999645e+00,4.261370288654249827e-01
8.700000000000001066e+00,4.210929244102103453e-01
8.800000000000000711e+00,4.161117413967272416e-01
8.900000000000000355e+00,4.111922907320653131e-01
9.000000000000000000e+00,4.063334470741208349e-01
9.099999999999999645e+00,4.015341685217864720e-01
9.200000000000001066e+00,3.967934445091538254e-01
9.300000000000000711e+00,3.921103811896319291e-01
9.400000000000000355e+00,3.874841029132939374e-01
9.500000000000000000e+00,3.829136218651107981e-01
9.600000000000001421e+00,3.783981781002507816e-01
9.700000000000001066e+00,3.739370164265116703e-01
9.800000000000000711e+00,3.695293993890472750e-01
9.900000000000000355e+00,3.651745190026762788e-01
1.000000000000000000e+01,3.608716636571374092e-01
1.010000000000000142e+01,3.566201504026922375e-01
1.020000000000000107e+01,3.524193388167500274e-01
1.030000000000000071e+01,3.482685156161132722e-01
1.040000000000000036e+01,3.441670721537515854e-01
1.050000000000000000e+01,3.401144487964423146e-01
1.060000000000000142e+01,3.361098619950783628e-01
1.070000000000000107e+01,3.321527981548053066e-01
1.080000000000000071e+01,3.282426103291041786e-01
1.090000000000000036e+01,3.243788023556144484e-01
1.100000000000000000e+01,3.205608350207422297e-01
1.110000000000000142e+01,3.167880948169097821e-01
1.120000000000000107e+01,3.130600115889052848e-01
1.130000000000000071e+01,3.093760393877317827e-01
1.140000000000000036e+01,3.057356515363738314e-01
1.150000000000000000e+01,3.021383151156803448e-01
1.160000000000000142e+01,2.985835145434513338e-01
1.170000000000000107e+01,2.950707335683764310e-01
1.180000000000000071e+01,2.915994683611077831e-01
1.190000000000000036e+01,2.881692192553005349e-01
1.200000000000000000e+01,2.847794947029212431e-01
1.210000000000000142e+01,2.814298074533198579e-01
1.220000000000000107e+01,2.781196911008407824e-01
1.230000000000000071e+01,2.748486734986820834e-01
1.240000000000000036e+01,2.716162684918908554e-01
1.250000000000000000e+01,2.684220109522071351e-01
1.260000000000000142e+01,2.652654441446716249e-01
1.270000000000000107e+01,2.621461175696211399e-01
1.280000000000000071e+01,2.590635917444013003e-01
1.290000000000000036e+01,2.560174346188194838e-01
1.300000000000000000e+01,2.530072224492316280e-01
1.310000000000000142e+01,2.500325230585306313e-01
1.320000000000000107e+01,2.470928896555135146e-01
1.330000000000000071e+01,2.441879305907775077e-01
1.340000000000000036e+01,2.413172409883655167e-01
1.350000000000000000e+01,2.384804226600445720e-01
1.360000000000000142e+01,2.356770490803621887e-01
1.370000000000000107e+01,2.329067251771812508e-01
1.380000000000000071e+01,2.301690694826832584e-01
1.390000000000000036e+01,2.274636971364096538e-01
1.400000000000000000e+01,2.247902267242992691e-01
1.410000000000000142e+01,2.221482635047958010e-01
1.420000000000000107e+01,2.195374429479136358e-01
1.430000000000000071e+01,2.169573957644432283e-01
1.440000000000000036e+01,2.144077572662510256e-01
1.450000000000000000e+01,2.118881653234945817e-01
1.460000000000000142e+01,2.093982617716121375e-01
1.470000000000000107e+01,2.069376960569701551e-01
1.480000000000000071e+01,2.045061206361671602e-01
1.490000000000000036e+01,2.021031924257126189e-01
1.500000000000000000e+01,1.997285695087964164e-01
1.510000000000000142e+01,1.973819177309267814e-01
1.520000000000000107e+01,1.950629068198551086e-01
1.530000000000000071e+01,1.927712104883747835e-01
1.540000000000000036e+01,1.905065053498573857e-01
1.550000000000000000e+01,1.882684673913460061e-01
1.560000000000000142e+01,1.860567847119401486e-01
1.570000000000000107e+01,1.838711464659412986e-01
1.580000000000000071e+01,1.817112459306233774e-01
1.590000000000000036e+01,1.795767724856490999e-01
1.600000000000000000e+01,1.774674240790926893e-01
1.610000000000000142e+01,1.753829080471275281e-01
1.619999999999999929e+01,1.733229319050955120e-01
1.630000000000000071e+01,1.712872070882649755e-01
1.640000000000000213e+01,1.692754489518309702e-01
1.650000000000000000e+01,1.672873658116614815e-01
1.660000000000000142e+01,1.653226763152529921e-01
1.669999999999999929e+01,1.633811097468547413e-01
1.680000000000000071e+01,1.614623941100842286e-01
1.690000000000000213e+01,1.595662610556127792e-01
1.700000000000000000e+01,1.576924458811655161e-01
1.710000000000000142e+01,1.558406759224208182e-01
1.719999999999999929e+01,1.540106893017073042e-01
1.730000000000000071e+01,1.522022344116247816e-01
1.740000000000000213e+01,1.504150579768383511e-01
1.750000000000000000e+01,1.486489100847154521e-01
1.760000000000000142e+01,1.469035441853256685e-01
1.769999999999999929e+01,1.451787069801067642e-01
1.780000000000000071e+01,1.434741550463212723e-01
1.790000000000000213e+01,1.417896536757535242e-01
1.800000000000000000e+01,1.401249670580044793e-01
1.810000000000000142e+01,1.384798625016934182e-01
1.819999999999999929e+01,1.368541104344584425e-01
1.830000000000000071e+01,1.352474750485094801e-01
1.840000000000000213e+01,1.336597299459800492e-01
1.850000000000000000e+01,1.320906564237842029e-01
1.860000000000000142e+01,1.305400349152344153e-01
1.869999999999999929e+01,1.290076487508015624e-01
1.880000000000000071e+01,1.274932841581145337e-01
1.890000000000000213e+01,1.259967224272641739e-01
1.900000000000000000e+01,1.245177532307374102e-01
1.910000000000000142e+01,1.230561726643387283e-01
1.920000000000000284e+01,1.216117765061892619e-01
1.930000000000000071e+01,1.201843632486713775e-01
1.940000000000000213e+01,1.187737340984284101e-01
1.950000000000000000e+01,1.173796902677843174e-01
1.960000000000000142e+01,1.160020304780178396e-01
1.970000000000000284e+01,1.146405658627695084e-01
1.980000000000000071e+01,1.132951057069200157e-01
1.990000000000000213e+01,1.119654579500411751e-01
2.000000000000000000e+01,1.106514376304510022e-01
2.010000000000000142e+01,1.093528611726236194e-01
2.020000000000000284e+01,1.080695465628856572e-01
2.030000000000000071e+01,1.068013133849149282e-01
2.040000000000000213e+01,1.055479838382744479e-01
2.050000000000000000e+01,1.043093881384949267e-01
2.060000000000000142e+01,1.030853466977367794e-01
2.070000000000000284e+01,1.018756867479894551e-01
2.080000000000000071e+01,1.006802467152955738e-01
2.090000000000000213e+01,9.949884948899416492e-02
2.100000000000000000e+01,9.833133318205353190e-02
2.110000000000000142e+01,9.717753774075825468e-02
2.120000000000000284e+01,9.603729212889558498e-02
2.130000000000000071e+01,9.491044812985376111e-02
2.140000000000000213e+01,9.379683998459178995e-02
2.150000000000000000e+01,9.269630997903481606e-02
2.160000000000000142e+01,9.160871795990364885e-02
2.170000000000000284e+01,9.053389920086300779e-02
2.180000000000000071e+01,8.947170170322286953e-02
2.190000000000000213e+01,8.842197616584203390e-02
2.200000000000000000e+01,8.738457531744342477e-02
2.210000000000000142e+01,8.635935456887386397e-02
2.220000000000000284e+01,8.534617276570341526e-02
2.230000000000000071e+01,8.434489102619135981e-02
2.240000000000000213e+01,8.335537312463647819e-02
2.250000000000000000e+01,8.237746700287774948e-02
2.260000000000000142e+01,8.141104446693174512e-02
2.270000000000000284e+01,8.045597327932829668e-02
2.280000000000000071e+01,7.951212252919838408e-02
2.290000000000000213e+01,7.857935883707932445e-02
2.300000000000000000e+01,7.765754402973505666e-02
2.310000000000000142e+01,7.674655547496436747e-02
2.320000000000000284e+01,7.584626649006828703e-02
2.330000000000000071e+01,7.495655200827419651e-02
2.340000000000000213e+01,7.407728445737246648e-02
2.350000000000000000e+01,7.320834096254491552e-02
2.360000000000000142e+01,7.234960084384819967e-02
2.370000000000000284e+01,7.150094394277731191e-02
2.380000000000000071e+01,7.066225146199095475e-02
2.390000000000000213e+01,6.983340552765522624e-02
2.400000000000000000e+01,6.901429051508964352e-02
2.410000000000000142e+01,6.820479191517329898e-02
2.420000000000000284e+01,6.740479665061883952e-02
2.430000000000000071e+01,6.661419307597227224e-02
2.440000000000000213e+01,6.583286960545607636e-02
2.450000000000000000e+01,6.506071766447833749e-02
2.460000000000000142e+01,6.429762973411357052e-02
2.470000000000000284e+01,6.354349957118644865e-02
2.480000000000000071e+01,6.279822233276835530e-02
2.490000000000000213e+01,6.206169238519612663e-02
2.500000000000000000e+01,6.133380651124253902e-02
2.510000000000000142e+01,6.061446431486430114e-02
2.520000000000000284e+01,5.990356576531177812e-02
2.530000000000000071e+01,5.920101215337600364e-02
2.540000000000000213e+01,5.850670474584414305e-02
2.550000000000000000e+01,5.782054443335307020e-02
2.560000000000000142e+01,5.714243740130459104e-02
2.570000000000000284e+01,5.647228931769121552e-02
2.580000000000000071e+01,5.581000707885327983e-02
2.590000000000000213e+01,5.515549904759032424e-02
2.600000000000000000e+01,5.450866935043244266e-02
2.610000000000000142e+01,5.386943086712743523e-02
2.620000000000000284e+01,5.323769450742354276e-02
2.630000000000000071e+01,5.261337237648400222e-02
2.640000000000000213e+01,5.199637775906826298e-02
2.650000000000000000e+01,5.138662199742861925e-02
2.660000000000000142e+01,5.078402096415662176e-02
2.670000000000000284e+01,5.018849124748793467e-02
2.680000000000000071e+01,4.959994991688747301e-02
2.690000000000000213e+01,4.901831503373566684e-02
2.700000000000000000e+01,4.844350562900622686e-02
2.710000000000000142e+01,4.787544168094363950e-02
2.720000000000000284e+01,4.731404344878022139e-02
2.730000000000000071e+01,4.675923286723693284e-02
2.740000000000000213e+01,4.621093256412566602e-02
2.750000000000000000e+01,4.566906593480427046e-02
2.760000000000000142e+01,4.513355718955363444e-02
2.770000000000000284e+01,4.460433133001786427e-02
2.780000000000000071e+01,4.408131412564432472e-02
2.790000000000000213e+01,4.356443545534660622e-02
2.800000000000000000e+01,4.305362155188079826e-02
2.810000000000000142e+01,4.254880078547957495e-02
2.820000000000000284e+01,4.204990248369516737e-02
2.830000000000000071e+01,4.155685672435948524e-02
2.840000000000000213e+01,4.106959431798825472e-02
2.850000000000000000e+01,4.058804679018527400e-02
2.860000000000000142e+01,4.011215084132208758e-02
2.870000000000000284e+01,3.964183765630455852e-02
2.880000000000000071e+01,3.917704154206065603e-02
2.890000000000000213e+01,3.871769760560898888e-02
2.900000000000000000e+01,3.826374170503203664e-02
2.910000000000000142e+01,3.781511043922714671e-02
2.920000000000000284e+01,3.737174117825806802e-02
2.930000000000000071e+01,3.693357305186279610e-02
2.940000000000000213e+01,3.650054438844645144e-02
2.950000000000000000e+01,3.607259484397135757e-02
2.960000000000000142e+01,3.564966479316075687e-02
2.970000000000000284e+01,3.523169532108241797e-02
2.980000000000000071e+01,3.481862821473208358e-02
2.990000000000000213e+01,3.441040597124346567e-02
3.000000000000000000e+01,3.400697195499430281e-02
3.010000000000000142e+01,3.360826996442288495e-02
3.020000000000000284e+01,3.321424457074197839e-02
3.030000000000000071e+01,3.282484101612823113e-02
3.040000000000000213e+01,3.244000520615977767e-02
3.050000000000000000e+01,3.205968317394886080e-02
3.060000000000000142e+01,3.168382185187505751e-02
3.070000000000000284e+01,3.131236909583119676e-02
3.080000000000000071e+01,3.094527318758939771e-02
3.090000000000000213e+01,3.058248303087236428e-02
3.100000000000000000e+01,3.022394734826480342e-02
3.110000000000000142e+01,2.986961620827032274e-02
3.120000000000000284e+01,2.951944015429662851e-02
3.130000000000000071e+01,2.917337024032451778e-02
3.140000000000000213e+01,2.883135885226272357e-02
3.150000000000000000e+01,2.849335845837332529e-02
3.160000000000000142e+01,2.815932227919288461e-02
3.170000000000000284e+01,2.782920400438165104e-02
3.180000000000000071e+01,2.750295817161824488e-02
3.190000000000000213e+01,2.718053977902157303e-02
3.200000000000000000e+01,2.686190099981647719e-02
3.210000000000000142e+01,2.654699471020628698e-02
3.220000000000000284e+01,2.623577728597481160e-02
3.230000000000000426e+01,2.592820868461939016e-02
3.239999999999999858e+01,2.562425194711776683e-02
3.250000000000000000e+01,2.532386539355880109e-02
3.260000000000000142e+01,2.502700177829395717e-02
3.270000000000000284e+01,2.473361919295766903e-02
3.280000000000000426e+01,2.444367604747144096e-02
3.289999999999999858e+01,2.415713253562120841e-02
3.300000000000000000e+01,2.387394934497098081e-02
3.310000000000000142e+01,2.359408638823320276e-02
3.320000000000000284e+01,2.331750554675384585e-02
3.330000000000000426e+01,2.304416743840270038e-02
3.339999999999999858e+01,2.277403501432933436e-02
3.350000000000000000e+01,2.250706984070983616e-02
3.360000000000000142e+01,2.224323514587540906e-02
3.370000000000000284e+01,2.198249379351393043e-02
3.380000000000000426e+01,2.172481255164613115e-02
3.389999999999999858e+01,2.147015273206790906e-02
3.400000000000000000e+01,2.121847840262825260e-02
3.410000000000000142e+01,2.096975416187096125e-02
3.420000000000000284e+01,2.072394513903460730e-02
3.430000000000000426e+01,2.048101753574621195e-02
3.439999999999999858e+01,2.024093754760891359e-02
3.450000000000000000e+01,2.000367193513532746e-02
3.460000000000000142e+01,1.976918809534006227e-02
3.470000000000000284e+01,1.953745397019783503e-02
3.480000000000000426e+01,1.930843605587951456e-02
3.489999999999999858e+01,1.908210193109814712e-02
3.500000000000000000e+01,1.885842151247594731e-02
3.510000000000000142e+01,1.863736412772586462e-02
3.520000000000000284e+01,1.841889956952881546e-02
3.530000000000000426e+01,1.820299697308326581e-02
3.539999999999999858e+01,1.798962430080759331e-02
3.550000000000000000e+01,1.777875357435261885e-02
3.560000000000000142e+01,1.757035563911896886e-02
3.570000000000000284e+01,1.736440172217973074e-02
3.580000000000000426e+01,1.716086328070182479e-02
3.589999999999999858e+01,1.695971040520418555e-02
3.600000000000000000e+01,1.676091607981634521e-02
3.610000000000000142e+01,1.656445266330701382e-02
3.620000000000000284e+01,1.637029285433316481e-02
3.630000000000000426e+01,1.617840969144004881e-02
3.639999999999999858e+01,1.598877596564168835e-02
3.650000000000000000e+01,1.580136545178597099e-02
3.660000000000000142e+01,1.561615214440799544e-02
3.670000000000000284e+01,1.543311029549112798e-02
3.680000000000000426e+01,1.525221448260469063e-02
3.689999999999999858e+01,1.507343930103549785e-02
3.700000000000000000e+01,1.489675981761657240e-02
3.710000000000000142e+01,1.472215161818119997e-02
3.720000000000000284e+01,1.454959047134606054e-02
3.730000000000000426e+01,1.437905246016087102e-02
3.739999999999999858e+01,1.421051371496675868e-02
3.750000000000000000e+01,1.404395044002780882e-02
3.760000000000000142e+01,1.387933981100865702e-02
3.770000000000000284e+01,1.371665900434824656e-02
3.780000000000000426e+01,1.355588549404922009e-02
3.789999999999999858e+01,1.339699690261184420e-02
3.800000000000000000e+01,1.323997023632543513e-02
3.810000000000000142e+01,1.308478432271243524e-02
3.820000000000000284e+01,1.293141764918159971e-02
3.830000000000000426e+01,1.277984898449824845e-02
3.840000000000000568e+01,1.263005737878425405e-02
3.850000000000000000e+01,1.248202216351804866e-02
3.860000000000000142e+01,1.233572144027865122e-02
3.870000000000000284e+01,1.219113569273235290e-02
3.880000000000000426e+01,1.204824491093274899e-02
3.890000000000000568e+01,1.190702931666596728e-02
3.900000000000000000e+01,1.176746939304236170e-02
3.910000000000000142e+01,1.162954588449647414e-02
3.920000000000000284e+01,1.149323863003271287e-02
3.930000000000000426e+01,1.135852899974856139e-02
3.940000000000000568e+01,1.122539853249376537e-02
3.950000000000000000e+01,1.109382878962082708e-02
3.960000000000000142e+01,1.096380157405409637e-02
3.970000000000000284e+01,1.083529893028983490e-02
3.980000000000000426e+01,1.070830237672217369e-02
3.990000000000000568e+01,1.058279414947472727e-02
4.000000000000000000e+01,1.045875718009459977e-02
4.010000000000000142e+01,1.033617428069913760e-02
4.020000000000000284e+01,1.021502848753128197e-02
4.030000000000000426e+01,1.009530306095954288e-02
4.040000000000000568e+01,9.976981146183977467e-03
4.050000000000000000e+01,9.860045550279653015e-03
4.060000000000000142e+01,9.744480724383202536e-03
4.070000000000000284e+01,9.630270628853083992e-03
4.080000000000000426e+01,9.517399442022570627e-03
4.090000000000000568e+01,9.405851557689491604e-03
4.100000000000000000e+01,9.295611336594646751e-03
4.110000000000000142e+01,9.186662849294599878e-03
4.120000000000000284e+01,9.078991454589683402e-03
4.130000000000000426e+01,8.972582209687812033e-03
4.140000000000000568e+01,8.867420350656173358e-03
4.150000000000000000e+01,8.763491288493923184e-03
4.160000000000000142e+01,8.660780605204842705e-03
4.170000000000000284e+01,8.559274049870073744e-03
4.180000000000000426e+01,8.458957360356612193e-03
4.190000000000000568e+01,8.359816664943946207e-03
4.200000000000000000e+01,8.261838171759882873e-03
4.210000000000000142e+01,8.165008225490058558e-03
4.220000000000000284e+01,8.069313313839030985e-03
4.230000000000000426e+01,7.974740063352046826e-03
4.240000000000000568e+01,7.881275235236866530e-03
4.250000000000000000e+01,7.788906178662322738e-03
4.260000000000000142e+01,7.697620159560346342e-03
4.270000000000000284e+01,7.607404193003907897e-03
4.280000000000000426e+01,7.518245684831131696e-03
4.290000000000000568e+01,7.430132174699529898e-03
4.300000000000000000e+01,7.343051333068294911e-03
4.310000000000000142e+01,7.256990958180565762e-03
4.320000000000000284e+01,7.171939148410980125e-03
4.330000000000000426e+01,7.087884661306506108e-03
4.340000000000000568e+01,7.004815344251462579e-03
4.350000000000000000e+01,6.922719627747026157e-03
4.360000000000000142e+01,6.841586076062646828e-03
4.370000000000000284e+01,6.761403385463386068e-03
4.380000000000000426e+01,6.682160382437206392e-03
4.390000000000000568e+01,6.603846021922268709e-03
4.400000000000000000e+01,6.526449631664524645e-03
4.410000000000000142e+01,6.449960357692761936e-03
4.420000000000000284e+01,6.374367547256631211e-03
4.430000000000000426e+01,6.299660701518053178e-03
4.440000000000000568e+01,6.225829447882180560e-03
4.450000000000000000e+01,6.152863538603442831e-03
4.460000000000000142e+01,6.080752849391547581e-03
4.470000000000000284e+01,6.009487315437723673e-03
4.480000000000000426e+01,5.939057007973737312e-03
4.490000000000000568e+01,5.869452187610868510e-03
4.500000000000000000e+01,5.800663187702736340e-03
4.510000000000000142e+01,5.732680455060325773e-03
4.520000000000000284e+01,5.665494548382271969e-03
4.530000000000000426e+01,5.599096136685082978e-03
4.540000000000000568e+01,5.533475989836419799e-03
4.550000000000000000e+01,5.468624951043433297e-03
4.560000000000000142e+01,5.404534034485593968e-03
4.570000000000000284e+01,5.341194328974160910e-03
4.580000000000000426e+01,5.278597025110490400e-03
4.590000000000000568e+01,5.216733413682305733e-03
4.600000000000000000e+01,5.155594884059962711e-03
4.610000000000000142e+01,5.095172922592698661e-03
4.620000000000000284e+01,5.035459111004925679e-03
4.630000000000000426e+01,4.976445190305143519e-03
4.640000000000000568e+01,4.918123108986450880e-03
4.650000000000000000e+01,4.860484617233667808e-03
4.660000000000000142e+01,4.803521692684053178e-03
4.670000000000000284e+01,4.747226403886336925e-03
4.680000000000000426e+01,4.691590908874026210e-03
4.690000000000000568e+01,4.636607453738722864e-03
4.700000000000000000e+01,4.582268371203443436e-03
4.710000000000000142e+01,4.528566079195924486e-03
4.720000000000000284e+01,4.475493205142240527e-03
4.730000000000000426e+01,4.423042529796986089e-03
4.740000000000000568e+01,4.371206590802944637e-03
4.750000000000000000e+01,4.319978175196185176e-03
4.760000000000000142e+01,4.269350153021269148e-03
4.770000000000000284e+01,4.219315476149277516e-03
4.780000000000000426e+01,4.169867177095796205e-03
4.790000000000000568e+01,4.120998367838927569e-03
4.800000000000000000e+01,4.072702238637292312e-03
4.810000000000000142e+01,4.024972131228690166e-03
4.820000000000000284e+01,3.977801465390173007e-03
4.830000000000000426e+01,3.931183622447579143e-03
4.840000000000000568e+01,3.885112123202606998e-03
4.850000000000000000e+01,3.839580564804473579e-03
4.860000000000000142e+01,3.794582619798333653e-03
4.870000000000000284e+01,3.750112035173724934e-03
4.880000000000000426e+01,3.706162632002987095e-03
4.890000000000000568e+01,3.662728311768302658e-03
4.900000000000000000e+01,3.619803035365310936e-03
4.910000000000000142e+01,3.577380839470709756e-03
4.920000000000000284e+01,3.535455830647410511e-03
4.930000000000000426e+01,3.494022184404788154e-03
4.940000000000000568e+01,3.453074144258954595e-03
4.950000000000000000e+01,3.412606020793029511e-03
4.960000000000000142e+01,3.372612191187037648e-03
4.970000000000000284e+01,3.333087097415130852e-03
4.980000000000000426e+01,3.294025245570151358e-03
4.990000000000000568e+01,3.255421205229295026e-03
5.000000000000000000e+01,3.217269608354620183e-03
5.010000000000000142e+01,3.179565148354249974e-03
5.020000000000000284e+01,3.142302579143599426e-03
5.030000000000000426e+01,3.105476729725704151e-03
5.040000000000000568e+01,3.069082513963266798e-03
5.050000000000000000e+01,3.033114842725777131e-03
5.060000000000000142e+01,2.997568712576338147e-03
5.070000000000000284e+01,2.962439177270547504e-03
5.080000000000000426e+01,2.927721346898440845e-03
5.090000000000000568e+01,2.893410387026442918e-03
5.100000000000000000e+01,2.859501517839323909e-03
5.110000000000000142e+01,2.825989893692091356e-03
5.120000000000000284e+01,2.792871067590041358e-03
5.130000000000000426e+01,2.760140231558896092e-03
5.140000000000000568e+01,2.727792078499616680e-03
5.150000000000000000e+01,2.695822722853316328e-03
5.160000000000000142e+01,2.664227950587914721e-03
5.170000000000000284e+01,2.633004366820170580e-03
5.180000000000000426e+01,2.602147448703952433e-03
5.190000000000000568e+01,2.571652635538050364e-03
5.200000000000000000e+01,2.541515054629152597e-03
5.210000000000000142e+01,2.511730623970774567e-03
5.220000000000000284e+01,2.482295147546800113e-03
5.230000000000000426e+01,2.453204530298573778e-03
5.240000000000000568e+01,2.424454899684432355e-03
5.250000000000000000e+01,2.396042108448459985e-03
5.260000000000000142e+01,2.367962365060481775e-03
5.270000000000000284e+01,2.340211653352124166e-03
5.280000000000000426e+01,2.312786197452139977e-03
5.290000000000000568e+01,2.285682146089536987e-03
5.300000000000000000e+01,2.258895750768446890e-03
5.310000000000000142e+01,2.232423279875945642e-03
5.320000000000000284e+01,2.206261143117795986e-03
5.330000000000000426e+01,2.180405831915845950e-03
5.340000000000000568e+01,2.154853516369034747e-03
5.350000000000000000e+01,2.129600596269575537e-03
5.360000000000000142e+01,2.104643523383340365e-03
5.370000000000000284e+01,2.079978801449869699e-03
5.380000000000000426e+01,2.055603076410511196e-03
5.390000000000000568e+01,2.031512941114275994e-03
5.400000000000000000e+01,2.007705063448257318e-03
5.410000000000000142e+01,1.984176174580659646e-03
5.420000000000000284e+01,1.960923059474416544e-03
5.430000000000000426e+01,1.937942446704089090e-03
5.440000000000000568e+01,1.915230925452955342e-03
5.450000000000000000e+01,1.892785551083985647e-03
5.460000000000000142e+01,1.870603246909232189e-03
5.470000000000000284e+01,1.848680982472264899e-03
5.480000000000000426e+01,1.827015773548164518e-03
5.490000000000000568e+01,1.805604360245361252e-03
5.500000000000000000e+01,1.784443809181869654e-03
5.510000000000000142e+01,1.763531281160410748e-03
5.520000000000000284e+01,1.742863891932580839e-03
5.530000000000000426e+01,1.722438795459795219e-03
5.540000000000000568e+01,1.702253150744965915e-03
5.550000000000000000e+01,1.682303977105588941e-03
5.560000000000000142e+01,1.662588619768271209e-03
5.570000000000000284e+01,1.643104342416691187e-03
5.580000000000000426e+01,1.623848442641938295e-03
5.590000000000000568e+01,1.604818251942515938e-03
5.600000000000000000e+01,1.586011082126489872e-03
5.610000000000000142e+01,1.567424302769417164e-03
5.620000000000000284e+01,1.549055356671540096e-03
5.630000000000000426e+01,1.530901693096227423e-03
5.640000000000000568e+01,1.512960793505239206e-03
5.650000000000000000e+01,1.495230169767737581e-03
5.660000000000000142e+01,1.477707295190014989e-03
5.670000000000000284e+01,1.460389774281610703e-03
5.680000000000000426e+01,1.443275204728132607e-03
5.690000000000000568e+01,1.426361215141964912e-03
5.700000000000000000e+01,1.409645465062270980e-03
5.710000000000000142e+01,1.393125613960909722e-03
5.720000000000000284e+01,1.376799310466107849e-03
5.730000000000000426e+01,1.360664342483869750e-03
5.740000000000000568e+01,1.344718473490511728e-03
5.750000000000000000e+01,1.328959497128809905e-03
5.760000000000000142e+01,1.313385236899414178e-03
5.770000000000000284e+01,1.297993449352501279e-03
5.780000000000000426e+01,1.282782036160724044e-03
5.790000000000000568e+01,1.267748895661534704e-03
5.800000000000000000e+01,1.252891943162917458e-03
5.810000000000000142e+01,1.238209118693554432e-03
5.820000000000000284e+01,1.223698386469041291e-03
5.830000000000000426e+01,1.209357726793120142e-03
5.840000000000000568e+01,1.195185135305320851e-03
5.850000000000000000e+01,1.181178650750175276e-03
5.860000000000000142e+01,1.167336323607521143e-03
5.870000000000000284e+01,1.153656225088204017e-03
5.880000000000000426e+01,1.140136446549273180e-03
5.890000000000000568e+01,1.126775098909180541e-03
5.900000000000000000e+01,1.113570376428016069e-03
5.910000000000000142e+01,1.100520422080103521e-03
5.920000000000000284e+01,1.087623407722118673e-03
5.930000000000000426e+01,1.074877534468649150e-03
5.940000000000000568e+01,1.062281022692025331e-03
5.950000000000000000e+01,1.049832111602367214e-03
5.960000000000000142e+01,1.037529079841573382e-03
5.970000000000000284e+01,1.025370262459822379e-03
5.980000000000000426e+01,1.013353932195035613e-03
5.990000000000000568e+01,1.001478416937193845e-03
6.000000000000000000e+01,9.897420640094048167e-04
6.010000000000000142e+01,9.781432399233696943e-04
6.020000000000000284e+01,9.666803301348567698e-04
6.030000000000000426e+01,9.553517554950453298e-04
6.040000000000000568e+01,9.441559395366173587e-04
6.050000000000000000e+01,9.330913237228011031e-04
6.060000000000000142e+01,9.221563718912452684e-04
6.070000000000000284e+01,9.113495663484378652e-04
6.080000000000000426e+01,9.006694076723829314e-04
6.090000000000000568e+01,8.901144115940029218e-04
6.100000000000000000e+01,8.796831027808324835e-04
6.110000000000000142e+01,8.693740395931393288e-04
6.120000000000000284e+01,8.591857905901043903e-04
6.130000000000000426e+01,8.491169411317094767e-04
6.140000000000000568e+01,8.391660931497755670e-04
6.150000000000000000e+01,8.293318649190008869e-04
6.160000000000000142e+01,8.196128866706578475e-04
6.170000000000000284e+01,8.100078085490624051e-04
6.180000000000000426e+01,8.005152971492516178e-04
6.190000000000000568e+01,7.911340330268328740e-04
6.200000000000000000e+01,7.818627118404532575e-04
6.210000000000000142e+01,7.727000441180011071e-04
6.220000000000000284e+01,7.636447550228133221e-04
6.230000000000000426e+01,7.546955841198781144e-04
6.240000000000000568e+01,7.458512906755516200e-04
6.250000000000000000e+01,7.371106637980308872e-04
6.260000000000000142e+01,7.284724731360294608e-04
6.270000000000000284e+01,7.199355170560058645e-04
6.280000000000000426e+01,7.114986075896562916e-04
6.290000000000000568e+01,7.031605702226699549e-04
6.300000000000000000e+01,6.949202436834837860e-04
6.310000000000000142e+01,6.867764797320357250e-04
6.320000000000000284e+01,6.787281429485226723e-04
6.330000000000000426e+01,6.707741415792900248e-04
6.340000000000000568e+01,6.629133629508608813e-04
6.350000000000000000e+01,6.551447055160731624e-04
6.360000000000000142e+01,6.474670886366280798e-04
6.370000000000000284e+01,6.398794441023325898e-04
6.380000000000000426e+01,6.323807159535564095e-04
6.390000000000000568e+01,6.249698603036900075e-04
6.400000000000000000e+01,6.176458451616037874e-04
6.410000000000000853e+01,6.104076568636293380e-04
6.420000000000000284e+01,6.032543063331593678e-04
6.429999999999999716e+01,5.961847852317588839e-04
6.440000000000000568e+01,5.891981109022281348e-04
6.450000000000000000e+01,5.822933121258118535e-04
6.460000000000000853e+01,5.754694289670515524e-04
6.470000000000000284e+01,5.687255126186540818e-04
6.479999999999999716e+01,5.620606252463447930e-04
6.490000000000000568e+01,5.554738398337306753e-04
6.500000000000000000e+01,5.489642499782406738e-04
6.510000000000000853e+01,5.425309481870928046e-04
6.520000000000000284e+01,5.361730383751227725e-04
6.529999999999999716e+01,5.298896369386779832e-04
6.540000000000000568e+01,5.236798705159929337e-04
6.550000000000000000e+01,5.175428758421650281e-04
6.560000000000000853e+01,5.114777996041225882e-04
6.570000000000000284e+01,5.054837982956054401e-04
6.579999999999999716e+01,4.995600412209267585e-04
6.590000000000000568e+01,4.937057113605212598e-04
6.600000000000000000e+01,4.879199895791223288e-04
6.610000000000000853e+01,4.822020715889884152e-04
6.620000000000000284e+01,4.765511623595578439e-04
6.629999999999999716e+01,4.709664759815256952e-04
6.640000000000000568e+01,4.654472355309286543e-04
6.650000000000000000e+01,4.599926729332297522e-04
6.660000000000000853e+01,4.546020288273950835e-04
6.670000000000000284e+01,4.492745713675265289e-04
6.679999999999999716e+01,4.440095519903846993e-04
6.690000000000000568e+01,4.388062355248809293e-04
6.700000000000000000e+01,4.336638983080849663e-04
6.710000000000000853e+01,4.285818249370164650e-04
6.720000000000000284e+01,4.235593081427182116e-04
6.729999999999999716e+01,4.185956486643170431e-04
6.740000000000000568e+01,4.136901551230932764e-04
6.750000000000000000e+01,4.088421438965491087e-04
6.760000000000000853e+01,4.040509389924705659e-04
6.770000000000000284e+01,3.993159043687522164e-04
6.779999999999999716e+01,3.946363632518892555e-04
6.790000000000000568e+01,3.900116627539409781e-04
6.800000000000000000e+01,3.854411594955906560e-04
6.810000000000000853e+01,3.809242174400830159e-04
6.820000000000000284e+01,3.764602077823363778e-04
6.829999999999999716e+01,3.720485088380449815e-04
6.840000000000000568e+01,3.676885059327880895e-04
6.850000000000000000e+01,3.633795912911386020e-04
6.860000000000000853e+01,3.591211646019893799e-04
6.870000000000000284e+01,3.549126645754136682e-04
6.879999999999999716e+01,3.507534841783808001e-04
6.890000000000000568e+01,3.466430450559930565e-04
6.900000000000000000e+01,3.425807755131726577e-04
6.910000000000000853e+01,3.385661104182069643e-04
6.920000000000000284e+01,3.345984911063020796e-04
6.929999999999999716e+01,3.306773652831276173e-04
6.940000000000000568e+01,3.268021869283674308e-04
6.950000000000000000e+01,3.229724161992703437e-04
6.960000000000000853e+01,3.191875218706246415e-04
6.970000000000000284e+01,3.154469974111241671e-04
6.979999999999999716e+01,3.117503079874487108e-04
6.990000000000000568e+01,3.080969396907359760e-04
7.000000000000000000e+01,3.044863845412821429e-04
7.010000000000000853e+01,3.009181404027515532e-04
7.020000000000000284e+01,2.973917108963944713e-04
7.029999999999999716e+01,2.939066053152565518e-04
7.040000000000000568e+01,2.904623385383941613e-04
7.050000000000000000e+01,2.870584309450889961e-04
7.060000000000000853e+01,2.836944119323142935e-04
7.070000000000000284e+01,2.803698265242058328e-04
7.079999999999999716e+01,2.770842021241744723e-04
7.090000000000000568e+01,2.738370819651224342e-04
7.100000000000000000e+01,2.706280145330269881e-04
7.110000000000000853e+01,2.674565534894041662e-04
7.120000000000000284e+01,2.643222575937795261e-04
7.129999999999999716e+01,2.612246906261523542e-04
7.140000000000000568e+01,2.581634213094639884e-04
7.150000000000000000e+01,2.551380232320665754e-04
7.160000000000000853e+01,2.521480798992315440e-04
7.170000000000000284e+01,2.491931852627115684e-04
7.179999999999999716e+01,2.462729194541236942e-04
7.190000000000000568e+01,2.433868764175215133e-04
7.200000000000000000e+01,2.405346547511167798e-04
7.210000000000000853e+01,2.377158576377184354e-04
7.220000000000000284e+01,2.349300927751782212e-04
7.229999999999999716e+01,2.321769723068298652e-04
7.240000000000000568e+01,2.294561127519326616e-04
7.250000000000000000e+01,2.267671349361147508e-04
7.260000000000000853e+01,2.241096708428965106e-04
7.270000000000000284e+01,2.214833579825352102e-04
7.279999999999999716e+01,2.188878231414465177e-04
7.290000000000000568e+01,2.163227053810602501e-04
7.300000000000000000e+01,2.137876479006539491e-04
7.310000000000000853e+01,2.112822979758614340e-04
7.320000000000000284e+01,2.088063068971868555e-04
7.329999999999999716e+01,2.063593299085135198e-04
7.340000000000000568e+01,2.039410261456159638e-04
7.350000000000000000e+01,2.015510585746724107e-04
7.360000000000000853e+01,1.991891016972570133e-04
7.370000000000000284e+01,1.968548308108261104e-04
7.379999999999999716e+01,1.945479152368652105e-04
7.390000000000000568e+01,1.922680341829479181e-04
7.400000000000000000e+01,1.900148705399894199e-04
7.410000000000000853e+01,1.877881108279434057e-04
7.420000000000000284e+01,1.855874451415034346e-04
7.429999999999999716e+01,1.834125670957998560e-04
7.440000000000000568e+01,1.812631737720996040e-04
7.450000000000000000e+01,1.791389656635061810e-04
7.460000000000000853e+01,1.770396546642390081e-04
7.470000000000000284e+01,1.749649498278526010e-04
7.479999999999999716e+01,1.729145584355410326e-04
7.490000000000000568e+01,1.708881954070173436e-04
7.500000000000000000e+01,1.688855789397525765e-04
7.510000000000000853e+01,1.669064304608055139e-04
7.520000000000000284e+01,1.649504745786563190e-04
7.529999999999999716e+01,1.630174390350361377e-04
7.540000000000000568e+01,1.611070546567594660e-04
7.550000000000000000e+01,1.592190553075563809e-04
7.560000000000000853e+01,1.573531852459478361e-04
7.570000000000000284e+01,1.555091839255177922e-04
7.579999999999999716e+01,1.536867923705444140e-04
7.590000000000000568e+01,1.518857571502421752e-04
7.600000000000000000e+01,1.501058277373473195e-04
7.610000000000000853e+01,1.483467564647218825e-04
7.620000000000000284e+01,1.466082984819614809e-04
7.629999999999999716e+01,1.448902117119993350e-04
7.640000000000000568e+01,1.431922568077127842e-04
7.650000000000000000e+01,1.415141971085297212e-04
7.660000000000000853e+01,1.398558083037321968e-04
7.670000000000000284e+01,1.382168564539814444e-04
7.680000000000001137e+01,1.365971117280411731e-04
7.690000000000000568e+01,1.349963489635073620e-04
7.700000000000000000e+01,1.334143455894704728e-04
7.710000000000000853e+01,1.318508815885159266e-04
7.720000000000000284e+01,1.303057394587245788e-04
7.730000000000001137e+01,1.287787041756710267e-04
7.740000000000000568e+01,1.272695631544250880e-04
7.750000000000000000e+01,1.257781062115500810e-04
7.760000000000000853e+01,1.243041308002622715e-04
7.770000000000000284e+01,1.228474291705531111e-04
7.780000000000001137e+01,1.214077981039403425e-04
7.790000000000000568e+01,1.199850372121354428e-04
7.800000000000000000e+01,1.185789483765403062e-04
7.810000000000000853e+01,1.171893357128116409e-04
7.820000000000000284e+01,1.158160055354252443e-04
7.830000000000001137e+01,1.144587663222384750e-04
7.840000000000000568e+01,1.131174286790554502e-04
7.850000000000000000e+01,1.117918053041895446e-04
7.860000000000000853e+01,1.104817293831426709e-04
7.870000000000000284e+01,1.091870073138535532e-04
7.880000000000001137e+01,1.079074592732814968e-04
7.890000000000000568e+01,1.066429077538073162e-04
7.900000000000000000e+01,1.053931773440059750e-04
7.910000000000000853e+01,1.041580947011453237e-04
7.920000000000000284e+01,1.029374885236850946e-04
7.930000000000001137e+01,1.017311895237737692e-04
7.940000000000000568e+01,1.005390303997483865e-04
7.950000000000000000e+01,9.936084510660650514e-05
7.960000000000000853e+01,9.819644402503998216e-05
7.970000000000000284e+01,9.704565109754233979e-05
7.980000000000001137e+01,9.590834599639122332e-05
7.990000000000000568e+01,9.478440610015939269e-05
8.000000000000000000e+01,9.367367260194592305e-05
8.010000000000000853e+01,9.257594059922280474e-05
8.020000000000000284e+01,9.149100206404658789e-05
8.030000000000001137e+01,9.041877735824430389e-05
8.040000000000000568e+01,8.935921208190737047e-05
8.050000000000000000e+01,8.831208010694325909e-05
8.060000000000000853e+01,8.727713983957038197e-05
8.070000000000000284e+01,8.625425012864597666e-05
8.080000000000001137e+01,8.524343524769945090e-05
8.090000000000000568e+01,8.424459222330375112e-05
8.100000000000000000e+01,8.325735814102693205e-05
8.110000000000000853e+01,8.228155732430180109e-05
8.120000000000000284e+01,8.131724175318896775e-05
8.130000000000001137e+01,8.036439151918940195e-05
8.140000000000000568e+01,7.942273346187620853e-05
8.150000000000000000e+01,7.849187728030302639e-05
8.160000000000000853e+01,7.757189399779836352e-05
8.170000000000000284e+01,7.666291985391946687e-05
8.180000000000001137e+01,7.576466425608880187e-05
8.190000000000000568e+01,7.487677874479959511e-05
8.200000000000000000e+01,7.399911444984605163e-05
8.210000000000000853e+01,7.313198900617399643e-05
8.220000000000000284e+01,7.227499332162683557e-05
8.230000000000001137e+01,7.142799879281548203e-05
8.240000000000000568e+01,7.059092600609362259e-05
8.250000000000000000e+01,6.976367735063393157e-05
8.260000000000000853e+01,6.894612502874178166e-05
8.270000000000000284e+01,6.813815281758565674e-05
8.280000000000001137e+01,6.733965112974494357e-05
8.290000000000000568e+01,6.655050462498604872e-05
8.300000000000000000e+01,6.577060510069339004e-05
8.310000000000000853e+01,6.499984669685689219e-05
8.320000000000000284e+01,6.423812050714044391e-05
8.330000000000001137e+01,6.348532190778365212e-05
8.340000000000000568e+01,6.274134663978997981e-05
8.350000000000000000e+01,6.200609424487835608e-05
8.360000000000000853e+01,6.127945676996682820e-05
8.370000000000000284e+01,6.056133278449592867e-05
8.380000000000001137e+01,5.985163096560094118e-05
8.390000000000000568e+01,5.915024406454502388e-05
8.400000000000000000e+01,5.845707176184956145e-05
8.410000000000000853e+01,5.777203047152615594e-05
8.420000000000000284e+01,5.709501529775316435e-05
8.430000000000001137e+01,5.642592836994975213e-05
8.440000000000000568e+01,5.576468997245681710e-05
8.450000000000000000e+01,5.511119776733657975e-05
8.460000000000000853e+01,5.446536003517751470e-05
8.470000000000000284e+01,5.382709406019114577e-05
8.480000000000001137e+01,5.319630908133598184e-05
8.490000000000000568e+01,5.257291341856740408e-05
8.500000000000000000e+01,5.195681998189798269e-05
8.510000000000000853e+01,5.134794329521965358e-05
8.520000000000000284e+01,5.074619753316789449e-05
8.530000000000001137e+01,5.015150104624995582e-05
8.540000000000000568e+01,4.956377284664406234e-05
8.550000000000000000e+01,4.898293353455725343e-05
8.560000000000000853e+01,4.840890197791830043e-05
8.570000000000000284e+01,4.784159143290261668e-05
8.580000000000001137e+01,4.728092952655526279e-05
8.590000000000000568e+01,4.672683984637194437e-05
8.600000000000000000e+01,4.617924718899586131e-05
8.610000000000000853e+01,4.563807202601997400e-05
8.620000000000000284e+01,4.510323700972368747e-05
8.630000000000001137e+01,4.457467094084766350e-05
8.640000000000000568e+01,4.405230074860579266e-05
8.650000000000000000e+01,4.353605427611361713e-05
8.660000000000000853e+01,4.302585739067434306e-05
8.670000000000000284e+01,4.252163976645961200e-05
8.680000000000001137e+01,4.202333153811166892e-05
8.690000000000000568e+01,4.153086331405350244e-05
8.700000000000000000e+01,4.104416651759017822e-05
8.710000000000000853e+01,4.056317335483580760e-05
8.720000000000000284e+01,4.008781690715337029e-05
8.730000000000001137e+01,3.961803105274862166e-05
8.740000000000000568e+01,3.915375048851623801e-05
8.750000000000000000e+01,3.869491073003938962e-05
8.760000000000000853e+01,3.824144760471674128e-05
8.770000000000000284e+01,3.779329815189462781e-05
8.780000000000001137e+01,3.735040035916235336e-05
8.790000000000000568e+01,3.691269286934773338e-05
8.800000000000000000e+01,3.648011512970152461e-05
8.810000000000000853e+01,3.605260680755216978e-05
8.820000000000000284e+01,3.563010717443728965e-05
8.830000000000001137e+01,3.521255869264534367e-05
8.840000000000000568e+01,3.479990356977282612e-05
8.850000000000000000e+01,3.439208477173506080e-05
8.860000000000000853e+01,3.398904602276639080e-05
8.870000000000000284e+01,3.359072922494232778e-05
8.880000000000001137e+01,3.319707997024050670e-05
8.890000000000000568e+01,3.280804400336427459e-05
8.900000000000000000e+01,3.242356748853126891e-05
8.910000000000000853e+01,3.204359729177100639e-05
8.920000000000000284e+01,3.166808019851104255e-05
8.930000000000001137e+01,3.129696249097057062e-05
8.940000000000000568e+01,3.093019406050087427e-05
8.950000000000000000e+01,3.056772403231785201e-05
8.960000000000000853e+01,3.020950221137423086e-05
8.970000000000000284e+01,2.985547902311262033e-05
8.980000000000001137e+01,2.950560329990335412e-05
8.990000000000000568e+01,2.915982776721428698e-05
9.000000000000000000e+01,2.881810445735081037e-05
9.010000000000000853e+01,2.848038597804228796e-05
9.020000000000000284e+01,2.814662549973671058e-05
9.030000000000001137e+01,2.781677674289488345e-05
9.040000000000000568e+01,2.749079395985240152e-05
9.050000000000000000e+01,2.716863142912674301e-05
9.060000000000000853e+01,2.685024464939279087e-05
9.070000000000000284e+01,2.653558932776722596e-05
9.080000000000001137e+01,2.622462164509823982e-05
9.090000000000000568e+01,2.591729824246537790e-05
9.100000000000000000e+01,2.561357620767869834e-05
9.110000000000000853e+01,2.531341306216883984e-05
9.120000000000000284e+01,2.501676910360383472e-05
9.130000000000001137e+01,2.472360172310756590e-05
9.140000000000000568e+01,2.443387005794925889e-05
9.150000000000000000e+01,2.414753368341458021e-05
9.160000000000000853e+01,2.386455260297313326e-05
9.170000000000000284e+01,2.358488723844597110e-05
9.180000000000001137e+01,2.330849842017265866e-05
9.190000000000000568e+01,2.303534989993098850e-05
9.200000000000000000e+01,2.276540231955055470e-05
9.210000000000000853e+01,2.249861808174476884e-05
9.220000000000000284e+01,2.223496004859975910e-05
9.230000000000001137e+01,2.197439150951238765e-05
9.240000000000000568e+01,2.171687617535192360e-05
9.250000000000000000e+01,2.146237817262128906e-05
9.260000000000000853e+01,2.121086285521861593e-05
9.270000000000000284e+01,2.096229486300740701e-05
9.280000000000001137e+01,2.071663965925174070e-05
9.290000000000000568e+01,2.047386313795264713e-05
9.300000000000000000e+01,2.023393160195496624e-05
9.310000000000000853e+01,1.999681175842665156e-05
9.320000000000000284e+01,1.976247071433814186e-05
9.330000000000001137e+01,1.953087566304805809e-05
9.340000000000000568e+01,1.930199460486632193e-05
9.350000000000000000e+01,1.907579577443531277e-05
9.360000000000000853e+01,1.885224777000209467e-05
9.370000000000000284e+01,1.863131955840092169e-05
9.380000000000001137e+01,1.841298047002529095e-05
9.390000000000000568e+01,1.819720019380043617e-05
9.400000000000000000e+01,1.798394859011938777e-05
9.410000000000000853e+01,1.777319613606939222e-05
9.420000000000000284e+01,1.756491355531391327e-05
9.430000000000001137e+01,1.735907189918291441e-05
9.440000000000000568e+01,1.715564255006721809e-05
9.450000000000000000e+01,1.695459721628130844e-05
9.460000000000000853e+01,1.675590792692647628e-05
9.470000000000000284e+01,1.655954702675390647e-05
9.480000000000001137e+01,1.636548717102752476e-05
9.490000000000000568e+01,1.617370191497017354e-05
9.500000000000000000e+01,1.598416445273283555e-05
9.510000000000000853e+01,1.579684825698453670e-05
9.520000000000000284e+01,1.561172726470294478e-05
9.530000000000001137e+01,1.542877570771453545e-05
9.540000000000000568e+01,1.524796810803167595e-05
9.550000000000000000e+01,1.506927927318935121e-05
9.560000000000000853e+01,1.489268429158215772e-05
9.570000000000000284e+01,1.471815852780126519e-05
9.580000000000001137e+01,1.454567827493396573e-05
9.590000000000000568e+01,1.437521977545503571e-05
9.600000000000000000e+01,1.420675887565806421e-05
9.610000000000000853e+01,1.404027213950346358e-05
9.620000000000000284e+01,1.387573639956928702e-05
9.630000000000001137e+01,1.371312875313928658e-05
9.640000000000000568e+01,1.355242655829134718e-05
9.650000000000000000e+01,1.339360742998555304e-05
9.660000000000000853e+01,1.323664923615248787e-05
9.670000000000000284e+01,1.308153037484381961e-05
9.680000000000001137e+01,1.292822974009664904e-05
9.690000000000000568e+01,1.277672558700501757e-05
9.700000000000000000e+01,1.262699685488188348e-05
9.710000000000000853e+01,1.247902272757895066e-05
9.720000000000000284e+01,1.233278263011138969e-05
9.730000000000001137e+01,1.218825622528236412e-05
9.740000000000000568e+01,1.204542341030785319e-05
9.750000000000000000e+01,1.190426431344116963e-05
9.760000000000000853e+01,1.176475934325497979e-05
9.770000000000000284e+01,1.162688946575425978e-05
9.780000000000001137e+01,1.149063526024441236e-05
9.790000000000000568e+01,1.135597779221330842e-05
9.800000000000000000e+01,1.122289834666124250e-05
9.810000000000000853e+01,1.109137842498617748e-05
9.820000000000000284e+01,1.096139974186903506e-05
9.830000000000001137e+01,1.083294422215874391e-05
9.840000000000000568e+01,1.070599399775761994e-05
9.850000000000000000e+01,1.058053140450642803e-05
9.860000000000000853e+01,1.045653933461757800e-05
9.870000000000000284e+01,1.033400035932504021e-05
9.880000000000001137e+01,1.021289742561548755e-05
9.890000000000000568e+01,1.009321369632586449e-05
9.900000000000000000e+01,9.974932527270726057e-06
9.910000000000000853e+01,9.858037464343697860e-06
9.920000000000000284e+01,9.742512240618900543e-06
9.930000000000001137e+01,9.628340773452247184e-06
9.940000000000000568e+01,9.515507161582947374e-06
9.950000000000000000e+01,9.403996138213849826e-06
9.960000000000000853e+01,9.293792090063924478e-06
9.970000000000000284e+01,9.184879557695437127e-06
9.980000000000001137e+01,9.077243393127793831e-06
9.990000000000000568e+01,8.970868620950859748e-06
1.000000000000000000e+02,8.865740435670955888e-06
1.001000000000000085e+02,8.761844199056987998e-06
1.002000000000000028e+02,8.659165437486585613e-06
1.003000000000000114e+02,8.557689839292095414e-06
1.004000000000000057e+02,8.457403252106781267e-06
1.005000000000000000e+02,8.358292081231373456e-06
1.006000000000000085e+02,8.260342753284896888e-06
1.007000000000000028e+02,8.163541309186501924e-06
1.008000000000000114e+02,8.067874283221779767e-06
1.009000000000000057e+02,7.973328363417431428e-06
1.010000000000000000e+02,7.879890389222869094e-06
1.011000000000000085e+02,7.787547349191951325e-06
1.012000000000000028e+02,7.696286378664719946e-06
1.013000000000000114e+02,7.606094757448998025e-06
1.014000000000000057e+02,7.516959907502191990e-06
1.015000000000000000e+02,7.428869570762441968e-06
1.016000000000000085e+02,7.341811992168764580e-06
1.017000000000000028e+02,7.255774633308188536e-06
1.018000000000000114e+02,7.170745529809999077e-06
1.019000000000000057e+02,7.086712854880913939e-06
1.020000000000000000e+02,7.003664917295466338e-06
1.021000000000000085e+02,6.921590159386530274e-06
1.022000000000000028e+02,6.840477155035820403e-06
1.023000000000000114e+02,6.760314607664288593e-06
1.024000000000000057e+02,6.681091348222697488e-06
1.025000000000000000e+02,6.602796339090717307e-06
1.026000000000000085e+02,6.525419253500834156e-06
1.027000000000000028e+02,6.448948939634824052e-06
1.028000000000000114e+02,6.373374766996441074e-06
1.029000000000000057e+02,6.298686227631101857e-06
1.030000000000000000e+02,6.224872934341219358e-06
1.031000000000000085e+02,6.151924618901652665e-06
1.032000000000000028e+02,6.079831130275162739e-06
1.033000000000000114e+02,6.008582432827748722e-06
1.034000000000000057e+02,5.938168604544154499e-06
1.035000000000000000e+02,5.868579835243211782e-06
1.036000000000000085e+02,5.799806774941777125e-06
1.037000000000000028e+02,5.731839751328890826e-06
1.038000000000000114e+02,5.664669231463006034e-06
1.039000000000000057e+02,5.598285875854751055e-06
1.040000000000000000e+02,5.532680452042186701e-06
1.041000000000000085e+02,5.467843832983276663e-06
1.042000000000000028e+02,5.403766995448370603e-06
1.043000000000000114e+02,5.340441018412571189e-06
1.044000000000000057e+02,5.277857081448259536e-06
1.045000000000000000e+02,5.216006463117474953e-06
1.046000000000000085e+02,5.154880764194059985e-06
1.047000000000000028e+02,5.094471565776981810e-06
1.048000000000000114e+02,5.034770307497631460e-06
1.049000000000000057e+02,4.975768687115537294e-06
1.050000000000000000e+02,4.917458497322254151e-06
1.051000000000000085e+02,4.859831624306792776e-06
1.052000000000000028e+02,4.802880046321045008e-06
1.053000000000000114e+02,4.746595832245136974e-06
1.054000000000000057e+02,4.690971140152895783e-06
1.055000000000000000e+02,4.635998215877196788e-06
1.056000000000000085e+02,4.581669509208095603e-06
1.057000000000000028e+02,4.527977717070033585e-06
1.058000000000000114e+02,4.474915141783902630e-06
1.059000000000000057e+02,4.422474404303744654e-06
1.060000000000000000e+02,4.370648210113075824e-06
1.061000000000000085e+02,4.319429347963487630e-06
1.062000000000000028e+02,4.268810688613243723e-06
1.063000000000000114e+02,4.218785183565805611e-06
1.064000000000000057e+02,4.169345863808464225e-06
1.065000000000000000e+02,4.120485838550867305e-06
1.066000000000000085e+02,4.072198311139526725e-06
1.067000000000000028e+02,4.024476922221793990e-06
1.068000000000000114e+02,3.977314778837895207e-06
1.069000000000000057e+02,3.930705323264604039e-06
1.070000000000000000e+02,3.884642073105005495e-06
1.071000000000000085e+02,3.839118620178493141e-06
1.072000000000000028e+02,3.794128629410745974e-06
1.073000000000000114e+02,3.749665837723658706e-06
1.074000000000000057e+02,3.705724052925354219e-06
1.075000000000000000e+02,3.662297152600111736e-06
1.076000000000000085e+02,3.619379082998350466e-06
1.077000000000000028e+02,3.576964126277077931e-06
1.078000000000000114e+02,3.535046280465964040e-06
1.079000000000000057e+02,3.493619666951860340e-06
1.080000000000000000e+02,3.452678525488973400e-06
1.081000000000000085e+02,3.412217161932246172e-06
1.082000000000000028e+02,3.372229947255489682e-06
1.083000000000000114e+02,3.332711316569458396e-06
1.084000000000000057e+02,3.293655768140015785e-06
1.085000000000000000e+02,3.255057862406208420e-06
1.086000000000000085e+02,3.216912220998400624e-06
1.087000000000000028e+02,3.179213667809036861e-06
1.088000000000000114e+02,3.141956990617912433e-06
1.089000000000000057e+02,3.105136922271194567e-06
1.090000000000000000e+02,3.068748342393550322e-06
1.091000000000000085e+02,3.032786189219828536e-06
1.092000000000000028e+02,2.997245458714196386e-06
1.093000000000000114e+02,2.962121203689225972e-06
1.094000000000000057e+02,2.927408532925057124e-06
1.095000000000000000e+02,2.893102610288482723e-06
1.096000000000000085e+02,2.859198653852089486e-06
1.097000000000000028e+02,2.825692020691306537e-06
1.098000000000000114e+02,2.792578196018835316e-06
1.099000000000000057e+02,2.759852436090781473e-06
1.100000000000000000e+02,2.727510191573871970e-06
1.101000000000000085e+02,2.695546965452814783e-06
1.102000000000000028e+02,2.663958312259760234e-06
1.103000000000000114e+02,2.632739837303713186e-06
1.104000000000000057e+02,2.601887195900017667e-06
1.105000000000000000e+02,2.571396092599768223e-06
1.106000000000000085e+02,2.541262280419271242e-06
1.107000000000000028e+02,2.511481573032989368e-06
1.108000000000000114e+02,2.482049969776295546e-06
1.109000000000000057e+02,2.452963270941693557e-06
1.110000000000000000e+02,2.424217429655109287e-06
1.111000000000000085e+02,2.395808445103217352e-06
1.112000000000000028e+02,2.367732361827068991e-06
1.113000000000000114e+02,2.339985269015675902e-06
1.114000000000000057e+02,2.312563299799657606e-06
1.115000000000000000e+02,2.285462630544824869e-06
1.116000000000000085e+02,2.258679480145808430e-06
1.117000000000000028e+02,2.232210109319681802e-06
1.118000000000000114e+02,2.206051119479905753e-06
1.119000000000000057e+02,2.180198740214809233e-06
1.120000000000000000e+02,2.154649338874417649e-06
1.121000000000000085e+02,2.129399368167489046e-06
1.122000000000000028e+02,2.104445322253360682e-06
1.123000000000000114e+02,2.079783736170987000e-06
1.124000000000000057e+02,2.055411185268030517e-06
1.125000000000000000e+02,2.031324284629899793e-06
1.126000000000000085e+02,2.007519688508821267e-06
1.127000000000000028e+02,1.983994089752912370e-06
1.128000000000000114e+02,1.960744146192104927e-06
1.129000000000000057e+02,1.937766612176305579e-06
1.130000000000000000e+02,1.915058321125888149e-06
1.131000000000000085e+02,1.892616103514730660e-06
1.132000000000000028e+02,1.870436824444230326e-06
1.133000000000000114e+02,1.848517383024110179e-06
1.134000000000000057e+02,1.826854711753275684e-06
1.135000000000000000e+02,1.805445775900622641e-06
1.136000000000000085e+02,1.784287572885876639e-06
1.137000000000000028e+02,1.763377131660434421e-06
1.138000000000000114e+02,1.742711759963748417e-06
1.139000000000000057e+02,1.722288917930330314e-06
1.140000000000000000e+02,1.702105438163932435e-06
1.141000000000000085e+02,1.682158532885660500e-06
1.142000000000000028e+02,1.662445449222670320e-06
1.143000000000000114e+02,1.642963468872139238e-06
1.144000000000000057e+02,1.623709907765281409e-06
1.145000000000000000e+02,1.604682115731317330e-06
1.146000000000000085e+02,1.585877476161476839e-06
1.147000000000000028e+02,1.567293405672997234e-06
1.148000000000000114e+02,1.548927275431115261e-06
1.149000000000000057e+02,1.530775970855333121e-06
1.150000000000000000e+02,1.512837381465683800e-06
1.151000000000000085e+02,1.495108994844880533e-06
1.152000000000000028e+02,1.477588324055361908e-06
1.153000000000000114e+02,1.460272907034963928e-06
1.154000000000000057e+02,1.443160305992629131e-06
1.155000000000000000e+02,1.426248106804079921e-06
1.156000000000000085e+02,1.409533918407516254e-06
1.157000000000000028e+02,1.393015372199310991e-06
1.158000000000000114e+02,1.376690121429685352e-06
1.159000000000000057e+02,1.360556690184935627e-06
1.160000000000000000e+02,1.344612400141478740e-06
1.161000000000000085e+02,1.328854957252077508e-06
1.162000000000000028e+02,1.313282181938781692e-06
1.163000000000000114e+02,1.297891921973119430e-06
1.164000000000000057e+02,1.282682052236264092e-06
1.165000000000000000e+02,1.267650474479163016e-06
1.166000000000000085e+02,1.252795117082691449e-06
1.167000000000000028e+02,1.238113934817805007e-06
1.168000000000000114e+02,1.223604908605670738e-06
1.169000000000000057e+02,1.209265809453958592e-06
1.170000000000000000e+02,1.195094653262943572e-06
1.171000000000000085e+02,1.181089572090215870e-06
1.172000000000000028e+02,1.167248615667311699e-06
1.173000000000000114e+02,1.153569855318046766e-06
1.174000000000000057e+02,1.140051383573468445e-06
1.175000000000000000e+02,1.126691313786774478e-06
1.176000000000000085e+02,1.113487779748253067e-06
1.177000000000000028e+02,1.100438935300223814e-06
1.178000000000000114e+02,1.087542953951957275e-06
1.179000000000000057e+02,1.074798117102026086e-06
1.180000000000000000e+02,1.062202740684541702e-06
1.181000000000000085e+02,1.049754968845337831e-06
1.182000000000000028e+02,1.037453070303933244e-06
1.183000000000000114e+02,1.025295333600239589e-06
1.184000000000000057e+02,1.013280066800327133e-06
1.185000000000000000e+02,1.001405597202167211e-06
1.186000000000000085e+02,9.896702710413890714e-07
1.187000000000000028e+02,9.780724531970401133e-07
1.188000000000000114e+02,9.666105268973251580e-07
1.189000000000000057e+02,9.552829082159745837e-07
1.190000000000000000e+02,9.440880964799916614e-07
1.191000000000000085e+02,9.330244765414468164e-07
1.192000000000000028e+02,9.220905105395176530e-07
1.193000000000000114e+02,9.112846783651190249e-07
1.194000000000000057e+02,9.006054774052492221e-07
1.195000000000000000e+02,8.900514222873130753e-07
1.196000000000000085e+02,8.796210446234608373e-07
1.197000000000000028e+02,8.693128927549261103e-07
1.198000000000000114e+02,8.591255314963496926e-07
1.199000000000000057e+02,8.490575418801253411e-07
1.200000000000000000e+02,8.391075727384169409e-07
